key,label,Image,EntityLevels,Category,SubCategory,Self,entityLevels,category,subCategory
absolute_atmosphere,Absolute Atmosphere,absolute_atmosphere.jpg,absolute_atmosphere_1 (absolute_atmosphere_1%20d8516d0114fa4b779aa2f71f75d04146.csv),talents (talents%2042a8cf28d58447ddaf6bbc9d8949ede2.csv),talents (talents%20f28bb9684e6847b396b079167ef6dbbd.csv),absolute_atmosphere (absolute_atmosphere%20d1be99a6054042ecb7901f33e1c4e64a.csv),absolute_atmosphere_1,talents,talents
angelic_ascendancy,Angelic Ascendancy,angelic_ascendancy.jpg,angelic_ascendancy_1 (angelic_ascendancy_1%2069341a3de6644d52b8532a533762087b.csv),threats (threats%2029045fa2123d4dcdbd139368f1de703c.csv),threats (threats%20b8a01851777f47ca8fd6dbd195719150.csv),angelic_ascendancy (angelic_ascendancy%20d1706ceaee8349549587c4d29aa866bb.csv),angelic_ascendancy_1,threats,threats
arcane_font,Arcane Font,arcane_font.jpg,arcane_font_1 (arcane_font_1%20736fe2430b314433a8611005766b34ea.csv),foundations (foundations%204d9ce68d973b4b4aa9877956db31ca34.csv),sources (sources%2037fffd6f6188401f85401aa882584deb.csv),arcane_font (arcane_font%20cf32b08ba44d4b64ac27cba749fffa53.csv),arcane_font_1,foundations,sources
ars_invisibilia_magnus,Ars Invisibilia Magnus,ars_invisibilia_magnus.jpg,ars_invisibilia_magnus_1 (ars_invisibilia_magnus_1%20b0dcb405ab634f8086dcb45722c0756f.csv),bonds (bonds%2036545fd230e3414ba3b7871631ad09bd.csv),contacts (contacts%204eddb36d43eb4799987d83f1d8a6777c.csv),ars_invisibilia_magnus (ars_invisibilia_magnus%204d5c90c5d04f4a75befb8d42120a640d.csv),ars_invisibilia_magnus_1,bonds,contacts
artificer,Artificer,artificer.jpg,artificer_1 (artificer_1%20d76dfd1779e5457c95db6ed5bfd7de47.csv),foundations (foundations%204d9ce68d973b4b4aa9877956db31ca34.csv),methods (methods%204783ae6cf00d424da9ec2183f6e950ce.csv),artificer (artificer%20bb26bdd19c2f41539d27d289f74cec2d.csv),artificer_1,foundations,methods
aspectcraft,Aspectcraft,aspectcraft.jpg,"aspectcraft_1 (aspectcraft_1%20a4d25cdf7c644353a6754a38f71b9cd5.csv), aspectcraft_2 (aspectcraft_2%208bf880c9181a4411acb9fc5f0d09a60a.csv)",talents (talents%2042a8cf28d58447ddaf6bbc9d8949ede2.csv),talents (talents%20f28bb9684e6847b396b079167ef6dbbd.csv),aspectcraft (aspectcraft%20d3c90b5c32d04725a0dccaa19cf3999a.csv),"aspectcraft_1,aspectcraft_2",talents,talents
bonds_of_spirit,Bonds of Spirit,bonds_of_spirit.jpg,bonds_of_sprit_1 (bonds_of_sprit_1%2006646639aaa34163acf4853d61eaea9d.csv),foundations (foundations%204d9ce68d973b4b4aa9877956db31ca34.csv),sources (sources%2037fffd6f6188401f85401aa882584deb.csv),bonds_of_spirit (bonds_of_spirit%201a31069d424b42b2b27cf747db405ce4.csv),bonds_of_sprit_1,foundations,sources
bottle_of_souls,Bottle of Souls,bottle_of_souls.jpg,bottle_of_souls_1 (bottle_of_souls_1%205ab7163132614f5ea9dfa3efb484770f.csv),bonds (bonds%2036545fd230e3414ba3b7871631ad09bd.csv),artifacts (artifacts%2009473eee62ea48c8a9249f92a9b133c4.csv),bottle_of_souls (bottle_of_souls%20a7fbe4a2f6c84e45be69fb31d46a0ecf.csv),bottle_of_souls_1,bonds,artifacts
brass_skin,Brass Skin,brass_skin.jpg,brass_skin_1 (brass_skin_1%206f9e78ede9904ea5b001653fa46ca024.csv),talents (talents%2042a8cf28d58447ddaf6bbc9d8949ede2.csv),talents (talents%20f28bb9684e6847b396b079167ef6dbbd.csv),brass_skin (brass_skin%2083be5ae809004391aade0324523a696a.csv),brass_skin_1,talents,talents
call_of_the_deep,Call of the Deep,call_of_the_deep.jpg,"call_of_the_deep_1 (call_of_the_deep_1%20a4618f1187be48dd9c7fe26aa51a2ca2.csv), call_of_the_deep_2 (call_of_the_deep_2%207525e9600f9b4028b13dfca06a716da9.csv)",talents (talents%2042a8cf28d58447ddaf6bbc9d8949ede2.csv),talents (talents%20f28bb9684e6847b396b079167ef6dbbd.csv),call_of_the_deep (call_of_the_deep%2037875442a6de4924b14c1ed1a949cb25.csv),"call_of_the_deep_1,call_of_the_deep_2",talents,talents
charlie,Charlie,charlie.jpg,charlie_1 (charlie_1%2095b9f1f6e7ba41088cba140d6ac05c14.csv),bonds (bonds%2036545fd230e3414ba3b7871631ad09bd.csv),contacts (contacts%204eddb36d43eb4799987d83f1d8a6777c.csv),charlie (charlie%208e106057a4b848a19fe1dc63b9c586fb.csv),charlie_1,bonds,contacts
color_wheel,Color Wheel,color_wheel.jpg,"color_wheel_1 (color_wheel_1%2043288df7e7aa496aae2c3f3d4290b05a.csv), color_wheel_2 (color_wheel_2%205db8973c63aa4c9b8ca2a6a24874111e.csv)",talents (talents%2042a8cf28d58447ddaf6bbc9d8949ede2.csv),talents (talents%20f28bb9684e6847b396b079167ef6dbbd.csv),color_wheel (color_wheel%20908140ad3fa742ffac32ac75edc9b17e.csv),"color_wheel_1,color_wheel_2",talents,talents
dan_tien,Dan-Tien,dan_tien.jpg,dan_tien_1 (dan_tien_1%2078129a0a1d4b40bf81a0b9253ed361f3.csv),foundations (foundations%204d9ce68d973b4b4aa9877956db31ca34.csv),sources (sources%2037fffd6f6188401f85401aa882584deb.csv),dan_tien (dan_tien%206562d9372513471aba541eaa35ed437f.csv),dan_tien_1,foundations,sources
dark_smoke,Dark Smoke,dark_smoke.jpg,dark_smoke_1 (dark_smoke_1%2000d33afdb6ca49cbaafaafa208bfb7b9.csv),talents (talents%2042a8cf28d58447ddaf6bbc9d8949ede2.csv),talents (talents%20f28bb9684e6847b396b079167ef6dbbd.csv),dark_smoke (dark_smoke%20a677d2225a654f77a3bcd47019cf8a0c.csv),dark_smoke_1,talents,talents
dawning_of_the_black_sun,Dawning of the Black Sun,dawning_of_the_black_sun.jpg,dawning_of_the_black_sun_1 (dawning_of_the_black_sun_1%2042ebcff31a8b4647b74c00b7e0144c67.csv),threats (threats%2029045fa2123d4dcdbd139368f1de703c.csv),threats (threats%20b8a01851777f47ca8fd6dbd195719150.csv),dawning_of_the_black_sun (dawning_of_the_black_sun%20c05a6c66b3574a4ab3be598dee49f881.csv),dawning_of_the_black_sun_1,threats,threats
devils_touch,Devil’s Touch,devils_touch.jpg,devils_touch_1 (devils_touch_1%20aa6469041062472fb98a9c291e2b7a03.csv),talents (talents%2042a8cf28d58447ddaf6bbc9d8949ede2.csv),talents (talents%20f28bb9684e6847b396b079167ef6dbbd.csv),devils_touch (devils_touch%205691600b6b604b87bd751c3a3136661e.csv),devils_touch_1,talents,talents
door_lord,Door Lord,door_lord.jpg,"door_lord_1 (door_lord_1%20e1486e1823e34232a28ef27b6f5dcb17.csv), door_lord_2 (door_lord_2%2083f456d81cc14f4ab4e835630292b45f.csv), door_lord_3 (door_lord_3%20ef3efc2e7ab94ee88de08224e16ea352.csv)",talents (talents%2042a8cf28d58447ddaf6bbc9d8949ede2.csv),talents (talents%20f28bb9684e6847b396b079167ef6dbbd.csv),door_lord (door_lord%20b5a40ef013b84aeea5009b4ddbb66f6d.csv),"door_lord_1,door_lord_2,door_lord_3",talents,talents
dragon_paths,Dragon Paths,dragon_paths.jpg,dragon_paths_1 (dragon_paths_1%20ae1ae71c990d4991b45913b4181fa20c.csv),bonds (bonds%2036545fd230e3414ba3b7871631ad09bd.csv),pacts (pacts%20e9c9569ec3e64b25891abcc5da974a20.csv),dragon_paths (dragon_paths%2034483e2d04624addbc345b7b8dbc457f.csv),dragon_paths_1,bonds,pacts
dragons_pipe,Dragon’s Pipe,dragons_pipe.jpg,dragons_pipe_1 (dragons_pipe_1%20753d5d19807e4605b54ce141f9e91772.csv),bonds (bonds%2036545fd230e3414ba3b7871631ad09bd.csv),artifacts (artifacts%2009473eee62ea48c8a9249f92a9b133c4.csv),dragons_pipe (dragons_pipe%203644338e99f44a9ba320e0436dd89422.csv),dragons_pipe_1,bonds,artifacts
eaters_of_violent_intent,Eaters of Violent Intent,eaters_of_violent_intent.jpg,eaters_of_violent_intent_1 (eaters_of_violent_intent_1%200a64006515c845ec9b987d3ddf8a5565.csv),bonds (bonds%2036545fd230e3414ba3b7871631ad09bd.csv),pacts (pacts%20e9c9569ec3e64b25891abcc5da974a20.csv),eaters_of_violent_intent (eaters_of_violent_intent%2078cbbb246a564ff19dc36231c00f7e76.csv),eaters_of_violent_intent_1,bonds,pacts
elfen_spirit,Elfen Spirit,elfen_spirit.jpg,elfen_spirit_1 (elfen_spirit_1%20fd88d2148b824ecca1c85cf1a3a1c5c8.csv),bonds (bonds%2036545fd230e3414ba3b7871631ad09bd.csv),pacts (pacts%20e9c9569ec3e64b25891abcc5da974a20.csv),elfen_spirit (elfen_spirit%20f3e47fc515d043829cd6c9e59edc2f7d.csv),elfen_spirit_1,bonds,pacts
end_of_things,End of Things,end_of_things.jpg,end_of_things_1 (end_of_things_1%20e6edb8bdf86e4e07ba34135b8b4e9d01.csv),bonds (bonds%2036545fd230e3414ba3b7871631ad09bd.csv),artifacts (artifacts%2009473eee62ea48c8a9249f92a9b133c4.csv),end_of_things (end_of_things%20fdece3b9c2974318b55c7476a59aeef8.csv),end_of_things_1,bonds,artifacts
endurance,Thaumaturgic Endurance,capacity.jpg,"endurance_1 (endurance_1%20013af764ef964f96ac98cb62da23c3b6.csv), endurance_2 (endurance_2%20b2431a4af29c43aeba6d8eadddc13f50.csv), endurance_3 (endurance_3%20b33c5d89fb6f49d4a6971913eb237a10.csv), endurance_4 (endurance_4%20a989f9030ed0461da8f96d7f04b482aa.csv), endurance_5 (endurance_5%20f9a9642c8eb548deba87f900e6fdc3e7.csv), endurance_6 (endurance_6%200db0b5a3a0c0401fae1810124ce22769.csv), endurance_7 (endurance_7%2055e8c9b9599b488a93c9201d5580d4d7.csv), endurance_8 (endurance_8%202274ef1c3cde45dca6b805c0d41b3f2a.csv), endurance_9 (endurance_9%208cc904d1806643d38ee0c80591e3a7bc.csv)",foundations (foundations%204d9ce68d973b4b4aa9877956db31ca34.csv),potentials (potentials%203d3b9abb7f9c441680e23af1710b9009.csv),endurance (endurance%2014d337686178447b856b29dbca3360f6.csv),"endurance_1,endurance_2,endurance_3,endurance_4,endurance_5,endurance_6,endurance_7,endurance_8,endurance_9",foundations,potentials
exegesis_of_eyes,Exegesis of Eyes,exegesis_of_eyes.jpg,"exegesis_of_eyes_1 (exegesis_of_eyes_1%20caeb656d7d724dcabd90f4689633af3e.csv), exegesis_of_eyes_2 (exegesis_of_eyes_2%20e541618d1e414dd8af1a106caa51b304.csv)",talents (talents%2042a8cf28d58447ddaf6bbc9d8949ede2.csv),talents (talents%20f28bb9684e6847b396b079167ef6dbbd.csv),exegesis_of_eyes (exegesis_of_eyes%209015f5b87c244cdcbc342228a7647cd4.csv),"exegesis_of_eyes_1,exegesis_of_eyes_2",talents,talents
familiar,Familiar,familiar.jpg,familar_1 (familar_1%204268ca1ff8364301bb5985584127044c.csv),bonds (bonds%2036545fd230e3414ba3b7871631ad09bd.csv),pacts (pacts%20e9c9569ec3e64b25891abcc5da974a20.csv),familiar (familiar%20725fb7cba60346329025f645868fae05.csv),familar_1,bonds,pacts
fantasia,Fantasia,fantasia.jpg,fantasia_1 (fantasia_1%20a0b062772e024638a53d7283fde780cb.csv),threats (threats%2029045fa2123d4dcdbd139368f1de703c.csv),threats (threats%20b8a01851777f47ca8fd6dbd195719150.csv),fantasia (fantasia%200a024f5f4b014784935afab0be264979.csv),fantasia_1,threats,threats
fell_hand,Fell Hand,fell_hand.jpg,"fell_hand_1 (fell_hand_1%202164b5c818c24f218a1949331cfaa080.csv), fell_hand_2 (fell_hand_2%2049732c84680d4286b874871a368c5672.csv)",talents (talents%2042a8cf28d58447ddaf6bbc9d8949ede2.csv),talents (talents%20f28bb9684e6847b396b079167ef6dbbd.csv),fell_hand (fell_hand%20c937bade0fad4ede8ceae3f1a754e6e2.csv),"fell_hand_1,fell_hand_2",talents,talents
ferroequus,Ferroequus,ferroequus.jpg,ferroequus_1 (ferroequus_1%20f1a31358137e45429b24950405d01b59.csv),talents (talents%2042a8cf28d58447ddaf6bbc9d8949ede2.csv),talents (talents%20f28bb9684e6847b396b079167ef6dbbd.csv),ferroequus (ferroequus%20c17b02e904ee490b8137194625b43773.csv),ferroequus_1,talents,talents
fey,Fey,fey.jpg,fey_1 (fey_1%2098d2687046b04f0b952b087824ca8f9f.csv),bonds (bonds%2036545fd230e3414ba3b7871631ad09bd.csv),pacts (pacts%20e9c9569ec3e64b25891abcc5da974a20.csv),fey (fey%20dfe31a7e06894019950692037091fc57.csv),fey_1,bonds,pacts
financiers,Financiers,financiers.jpg,financiers_1 (financiers_1%2052cdaf48589940d29d7bdfd2e091cae5.csv),bonds (bonds%2036545fd230e3414ba3b7871631ad09bd.csv),contacts (contacts%204eddb36d43eb4799987d83f1d8a6777c.csv),financiers (financiers%20caf6b36fa29f495b9fccdfc094976c99.csv),financiers_1,bonds,contacts
gentle_night,Gentle Night,gentle_night.jpg,gentle_night_1 (gentle_night_1%2081f115570a84479f8023853ef82f7c08.csv),bonds (bonds%2036545fd230e3414ba3b7871631ad09bd.csv),pacts (pacts%20e9c9569ec3e64b25891abcc5da974a20.csv),gentle_night (gentle_night%20edc17e8009344375ab352a244df968e5.csv),gentle_night_1,bonds,pacts
giants,Giants,giants.jpg,giants_1 (giants_1%2084a62216fb5f4bf6ad8015db34682c35.csv),bonds (bonds%2036545fd230e3414ba3b7871631ad09bd.csv),pacts (pacts%20e9c9569ec3e64b25891abcc5da974a20.csv),giants (giants%20f4b76e08a4aa443a9a5587c4daf1a60b.csv),giants_1,bonds,pacts
give_and_take,давать и брать (“Give and Take”),give_and_take.jpg,give_and_take_1 (give_and_take_1%2032c049ece7d847c481294708509eea05.csv),bonds (bonds%2036545fd230e3414ba3b7871631ad09bd.csv),artifacts (artifacts%2009473eee62ea48c8a9249f92a9b133c4.csv),give_and_take (give_and_take%2085e4059f3af043669ee3e013f790e36f.csv),give_and_take_1,bonds,artifacts
glamour,Glamour,glamour.jpg,"glamour_1 (glamour_1%20aad2b60825064f47a065e396424b11cb.csv), glamour_2 (glamour_2%20de5b2a41d3d14874ac83d65cf434bd8f.csv)",talents (talents%2042a8cf28d58447ddaf6bbc9d8949ede2.csv),talents (talents%20f28bb9684e6847b396b079167ef6dbbd.csv),glamour (glamour%20e3ee0c87754742948dd61dfcbc1745e4.csv),"glamour_1,glamour_2",talents,talents
heart_of_flame,Heart of Flame,heart_of_flame.jpg,heart_of_flame_1 (heart_of_flame_1%203fc3c39f2f3d4c41b27025e48b25d7a7.csv),foundations (foundations%204d9ce68d973b4b4aa9877956db31ca34.csv),sources (sources%2037fffd6f6188401f85401aa882584deb.csv),heart_of_flame (heart_of_flame%20044469b598114692a661222723e1388b.csv),heart_of_flame_1,foundations,sources
implement,Instrument of Unbounded Will,implement.jpg,implement_1 (implement_1%200220349f25ab4387b2424acac8adf348.csv),bonds (bonds%2036545fd230e3414ba3b7871631ad09bd.csv),artifacts (artifacts%2009473eee62ea48c8a9249f92a9b133c4.csv),implement (implement%20c48be4ec1deb4b2abda23fa03536cfbc.csv),implement_1,bonds,artifacts
in_umbra_monachis,In Umbra Monachis,in_umbra_monachis.jpg,in_umbra_monachis_1 (in_umbra_monachis_1%209a9ffc495392484cb16983cf22afa54f.csv),bonds (bonds%2036545fd230e3414ba3b7871631ad09bd.csv),contacts (contacts%204eddb36d43eb4799987d83f1d8a6777c.csv),in_umbra_monachis (in_umbra_monachis%20fd2f5782827f4e41ac4c2af1868b2747.csv),in_umbra_monachis_1,bonds,contacts
iron_mage_america,Iron Mage: America,iron_mage_america.jpg,iron_mage_america_1 (iron_mage_america_1%20a981a106130e47fe8e6fa338da883fc6.csv),bonds (bonds%2036545fd230e3414ba3b7871631ad09bd.csv),contacts (contacts%204eddb36d43eb4799987d83f1d8a6777c.csv),iron_mage_america (iron_mage_america%200452a9b958864b328465499121d9f011.csv),iron_mage_america_1,bonds,contacts
jar_of_destruction,Jar of Destruction,jar_of_destruction.jpg,jar_of_destruction_1 (jar_of_destruction_1%206e89f8cc42d74250967692882eefe3a9.csv),bonds (bonds%2036545fd230e3414ba3b7871631ad09bd.csv),artifacts (artifacts%2009473eee62ea48c8a9249f92a9b133c4.csv),jar_of_destruction (jar_of_destruction%20bfbcb4a299c946bdb7b6e9ec68593a34.csv),jar_of_destruction_1,bonds,artifacts
keter,Keter,keter.jpg,"keter_1 (keter_1%2083fd13d412794ffeb66e38d0b933e3c2.csv), keter_2 (keter_2%20122bff43da2343be89def3041bba7dbe.csv)",talents (talents%2042a8cf28d58447ddaf6bbc9d8949ede2.csv),talents (talents%20f28bb9684e6847b396b079167ef6dbbd.csv),keter (keter%207bf28947415d4c1db8b214044942f9cd.csv),"keter_1,keter_2",talents,talents
key_to_the_dancing_house,Key to the Dancing House,key_to_the_dancing_house.jpg,key_to_the_dancing_house_1 (key_to_the_dancing_house_1%204f0e446eb0084f5a8a623f3d89fce932.csv),bonds (bonds%2036545fd230e3414ba3b7871631ad09bd.csv),artifacts (artifacts%2009473eee62ea48c8a9249f92a9b133c4.csv),key_to_the_dancing_house (key_to_the_dancing_house%200188fb8750704292ba79ae15ba25632d.csv),key_to_the_dancing_house_1,bonds,artifacts
langston_and_co_procurers,Langston & Co. Procurers,langston.jpg,langston_and_co_procurers_1 (langston_and_co_procurers_1%203ed46ac727b94a70bd4b7014fdf86aaf.csv),bonds (bonds%2036545fd230e3414ba3b7871631ad09bd.csv),contacts (contacts%204eddb36d43eb4799987d83f1d8a6777c.csv),langston_and_co_procurers (langston_and_co_procurers%200badd391afb94d7c935f0240bb307353.csv),langston_and_co_procurers_1,bonds,contacts
lightweaver,Lightweaver,lightweaver.jpg,lightweaver_1 (lightweaver_1%20a086903ec2534f4389e25bf33bd0eb0b.csv),foundations (foundations%204d9ce68d973b4b4aa9877956db31ca34.csv),methods (methods%204783ae6cf00d424da9ec2183f6e950ce.csv),lightweaver (lightweaver%20703584dbcd3142e6b2fe2b1d1a339fde.csv),lightweaver_1,foundations,methods
manifold_elixer,Manifold Elixer,manifold_elixer.jpg,manifold_elixer_1 (manifold_elixer_1%203b4cc68cf3084139884bd9f5e8625d09.csv),bonds (bonds%2036545fd230e3414ba3b7871631ad09bd.csv),artifacts (artifacts%2009473eee62ea48c8a9249f92a9b133c4.csv),manifold_elixer (manifold_elixer%2095a98862c4644cbaac2e02f15f4dfa83.csv),manifold_elixer_1,bonds,artifacts
master_of_death,Master of Death,master_of_death.jpg,"master_of_death_1 (master_of_death_1%208c132f8311ee40afa20259baeaa951ae.csv), master_of_death_2 (master_of_death_2%206f1f37c2108540359224e0d14620c7a6.csv), master_of_death_3 (master_of_death_3%20996d9cd7dcc449ed9e706dcee204daa6.csv)",talents (talents%2042a8cf28d58447ddaf6bbc9d8949ede2.csv),talents (talents%20f28bb9684e6847b396b079167ef6dbbd.csv),master_of_death (master_of_death%2007ea0977f30a4f3fb3e877029634a030.csv),"master_of_death_1,master_of_death_2,master_of_death_3",talents,talents
metagliss,"Metagliss, the Black Arm",metagliss.jpg,metagliss_1 (metagliss_1%2061d8969836314da8982a80ccfd712e17.csv),bonds (bonds%2036545fd230e3414ba3b7871631ad09bd.csv),pacts (pacts%20e9c9569ec3e64b25891abcc5da974a20.csv),metagliss (metagliss%20aa5d9849fd52408d9f51b3722dbb5b46.csv),metagliss_1,bonds,pacts
mim,Mim,mim.jpg,mim_1 (mim_1%203306a95d07bb46619ca87a1df297e759.csv),bonds (bonds%2036545fd230e3414ba3b7871631ad09bd.csv),artifacts (artifacts%2009473eee62ea48c8a9249f92a9b133c4.csv),mim (mim%20a2f9811b6f2e460488d4f36a5fd9f029.csv),mim_1,bonds,artifacts
natural_philosopher,Natural Philosopher,natural_philosopher.jpg,"natural_philosopher_1 (natural_philosopher_1%2057311e78716340f4aea33a64e99eb66e.csv), natural_philosopher_2 (natural_philosopher_2%200536be2fe57441e099e06deb37946ce9.csv), natural_philosopher_3 (natural_philosopher_3%201ad111e045e9451eb3738d2fac9bdd65.csv)",talents (talents%2042a8cf28d58447ddaf6bbc9d8949ede2.csv),talents (talents%20f28bb9684e6847b396b079167ef6dbbd.csv),natural_philosopher (natural_philosopher%2085aa480ecc554c1b81348fc2cb8a88c4.csv),"natural_philosopher_1,natural_philosopher_2,natural_philosopher_3",talents,talents
necrophage,Necrophage,necrophage.jpg,necrophage_1 (necrophage_1%20bbb6f5de1ca8421a8ff746253c7db8ba.csv),foundations (foundations%204d9ce68d973b4b4aa9877956db31ca34.csv),sources (sources%2037fffd6f6188401f85401aa882584deb.csv),necrophage (necrophage%20bd6704e5340e4f71aa6108d43cbc32e5.csv),necrophage_1,foundations,sources
neural_gear,Neural Gear,neural_gear.jpg,"neural_gear_1 (neural_gear_1%207c53c8ead5e54b0d836905ea2ee16418.csv), neural_gear_2 (neural_gear_2%20cbd374310cf941d48c923ad5ae457bdb.csv)",talents (talents%2042a8cf28d58447ddaf6bbc9d8949ede2.csv),talents (talents%20f28bb9684e6847b396b079167ef6dbbd.csv),neural_gear (neural_gear%20fc27fbc42c7a4e4795151bee23b3cb61.csv),"neural_gear_1,neural_gear_2",talents,talents
old_flesh,Old Flesh,old_flesh.jpg,"old_flesh_1 (old_flesh_1%20fa65f20278e348e2a6201ecb9a8323c4.csv), old_flesh_2 (old_flesh_2%2087d81d276d914302995f5cf38c4e67e0.csv), old_flesh_3 (old_flesh_3%204b5ff9be152d4c0a965bd7f8c6173f75.csv)",talents (talents%2042a8cf28d58447ddaf6bbc9d8949ede2.csv),talents (talents%20f28bb9684e6847b396b079167ef6dbbd.csv),old_flesh (old_flesh%2010cbb4d0a89e4e7f9d00f9ac6fb5654b.csv),"old_flesh_1,old_flesh_2,old_flesh_3",talents,talents
perspective,Perspective,perspective.jpg,"persepective_1 (persepective_1%20e8c54a9692cc44c3bba7057924fcc765.csv), persepective_2 (persepective_2%20d0cb90752cb2429cbc06421a5a141655.csv)",talents (talents%2042a8cf28d58447ddaf6bbc9d8949ede2.csv),talents (talents%20f28bb9684e6847b396b079167ef6dbbd.csv),perspective (perspective%20dbacaf2ce8924313aa058199d83f1cb0.csv),"persepective_1,persepective_2",talents,talents
pouch_beast,Pouch Beast,pouch_beast.jpg,pouch_beast_1 (pouch_beast_1%20dc3233546d2b4f6cb1ebd5cbe9c8a752.csv),talents (talents%2042a8cf28d58447ddaf6bbc9d8949ede2.csv),talents (talents%20f28bb9684e6847b396b079167ef6dbbd.csv),pouch_beast (pouch_beast%20ed179ece0be54283940f6c3486a1f0bf.csv),pouch_beast_1,talents,talents
power,Thaumaturgic Power,power.jpg,"power_1 (power_1%204ed18b9984a14ce8b9316be22ff2401c.csv), power_2 (power_2%20c58e65e72bd64159b688661844e6b435.csv), power_3 (power_3%20ddc2d5c1f5a947f2a1c3a6a2c04764f6.csv), power_4 (power_4%20451f1a25704440b5a5e11b78c057d420.csv), power_5 (power_5%20a0ff085ffaaf4ffca70a393f550cc9d4.csv), power_6 (power_6%20c241763b58074ca8928e8f5f5eb778c3.csv), power_7 (power_7%2088d8b0d961bd415db01598ea69d68c49.csv), power_8 (power_8%2098d3d192307e44d8a23b0708ba7f10ab.csv), power_9 (power_9%2083c056d2b307466090c18ead8447c199.csv)",foundations (foundations%204d9ce68d973b4b4aa9877956db31ca34.csv),potentials (potentials%203d3b9abb7f9c441680e23af1710b9009.csv),power (power%2017a2e14c8e0641d8a62391f7325773da.csv),"power_1,power_2,power_3,power_4,power_5,power_6,power_7,power_8,power_9",foundations,potentials
psychic,Psychic,psychic.jpg,psychic_1 (psychic_1%2010154e9f699645628cc1f542daffbf4c.csv),foundations (foundations%204d9ce68d973b4b4aa9877956db31ca34.csv),methods (methods%204783ae6cf00d424da9ec2183f6e950ce.csv),psychic (psychic%20addb7ac32b264c38a66c9ee06884d7b2.csv),psychic_1,foundations,methods
pyromancer,Pyromancer,pyromancer.jpg,pyromancer_1 (pyromancer_1%201d172a172ab949f499dbf06190915600.csv),foundations (foundations%204d9ce68d973b4b4aa9877956db31ca34.csv),methods (methods%204783ae6cf00d424da9ec2183f6e950ce.csv),pyromancer (pyromancer%20051c3b844cbd476381bb46911f0717d5.csv),pyromancer_1,foundations,methods
quantum_leap,Quantum Leap,quantum_leap.jpg,quantum_leap_1 (quantum_leap_1%20b943fac874b04516837317e6cf6807e9.csv),talents (talents%2042a8cf28d58447ddaf6bbc9d8949ede2.csv),talents (talents%20f28bb9684e6847b396b079167ef6dbbd.csv),quantum_leap (quantum_leap%20ec69aee61ba94cd7ae0c11599fa85ebb.csv),quantum_leap_1,talents,talents
ring_of_the_djinn,Ring of the Djinn,ring_of_the_djinn.jpg,ring_of_the_djinn_1 (ring_of_the_djinn_1%2050a7ded58845414992e80dda22397fda.csv),bonds (bonds%2036545fd230e3414ba3b7871631ad09bd.csv),artifacts (artifacts%2009473eee62ea48c8a9249f92a9b133c4.csv),ring_of_the_djinn (ring_of_the_djinn%202200e3452e9344e4b150711f392aa516.csv),ring_of_the_djinn_1,bonds,artifacts
ritualist,Ritualist,ritualist.jpg,ritualist_1 (ritualist_1%20273a120179f84302b7628255f439ffc5.csv),foundations (foundations%204d9ce68d973b4b4aa9877956db31ca34.csv),methods (methods%204783ae6cf00d424da9ec2183f6e950ce.csv),ritualist (ritualist%200970e2baa4d349b2bfb06a2b59fee78a.csv),ritualist_1,foundations,methods
sands_of_the_hourglass,Sands of the Hourglass,sands_of_the_hourglass.jpg,sands_of_the_hourglass_1 (sands_of_the_hourglass_1%20974726b26562400fb3d7917161216fb1.csv),bonds (bonds%2036545fd230e3414ba3b7871631ad09bd.csv),pacts (pacts%20e9c9569ec3e64b25891abcc5da974a20.csv),sands_of_the_hourglass (sands_of_the_hourglass%207a4c74ebbd58415e905824762f236ad1.csv),sands_of_the_hourglass_1,bonds,pacts
scrivener,Scrivener,scrivener.jpg,scrivener_1 (scrivener_1%20a0b28c633db0494eb3c177d2beb044e1.csv),foundations (foundations%204d9ce68d973b4b4aa9877956db31ca34.csv),methods (methods%204783ae6cf00d424da9ec2183f6e950ce.csv),scrivener (scrivener%20de2850b91439459ab4a6890dcf2c7a91.csv),scrivener_1,foundations,methods
skinchanger,Skinchanger,skinchanger.jpg,"skinchanger_1 (skinchanger_1%2002ae00a48b4d476fa571c24172bba17b.csv), skinchanger_2 (skinchanger_2%201305ab62cea24c37bcb33eb5566b1143.csv), skinchanger_3 (skinchanger_3%20040789e7d96b4b2ba874966ced150110.csv)",talents (talents%2042a8cf28d58447ddaf6bbc9d8949ede2.csv),talents (talents%20f28bb9684e6847b396b079167ef6dbbd.csv),skinchanger (skinchanger%203ff3f22b43094495a2eeee026e2b3c16.csv),"skinchanger_1,skinchanger_2,skinchanger_3",talents,talents
soma,Soma,soma.jpg,soma_1 (soma_1%20c39fa2bf4ef548f58330656016741004.csv),bonds (bonds%2036545fd230e3414ba3b7871631ad09bd.csv),artifacts (artifacts%2009473eee62ea48c8a9249f92a9b133c4.csv),soma (soma%200e65a55a86d946bd977e87c4d61b2aa6.csv),soma_1,bonds,artifacts
sortition,Sortition,sortition.jpg,"sortition_1 (sortition_1%202f227f6de8c6433dbec28726bb878eeb.csv), sortition_2 (sortition_2%204677e1359f984501899a6ac62c5c6176.csv), sortition_3 (sortition_3%20d3a3cfce0aa04bb284b3101d6759921b.csv)",talents (talents%2042a8cf28d58447ddaf6bbc9d8949ede2.csv),talents (talents%20f28bb9684e6847b396b079167ef6dbbd.csv),sortition (sortition%20be43c2721ecb4158af52541ada1149d9.csv),"sortition_1,sortition_2,sortition_3",talents,talents
soul_of_the_wild,Soul of the Wild,soul_of_the_wild.jpg,soul_of_the_wild_1 (soul_of_the_wild_1%20988df4ce4cd74413b026ac33174feea5.csv),bonds (bonds%2036545fd230e3414ba3b7871631ad09bd.csv),pacts (pacts%20e9c9569ec3e64b25891abcc5da974a20.csv),soul_of_the_wild (soul_of_the_wild%20e86c73b703fb4aa581e85354445d9309.csv),soul_of_the_wild_1,bonds,pacts
spatial_correlation_frame_realignment,Spatial Correlation Frame Realignment,spatial_correlation_frame_reallignment.jpg,"spatial_correlation_frame_realignment_1 (spatial_correlation_frame_realignment_1%2030218b471bd14bdab7a096d07efc58af.csv), spatial_correlation_frame_realignment_2 (spatial_correlation_frame_realignment_2%2050d1b3cfafef4f8db1329821a23a8c53.csv)",talents (talents%2042a8cf28d58447ddaf6bbc9d8949ede2.csv),talents (talents%20f28bb9684e6847b396b079167ef6dbbd.csv),spatial_correlation_frame_realignment (spatial_correlation_frame_realignment%20772367cb15c5416fad199a2516a87574.csv),"spatial_correlation_frame_realignment_1,spatial_correlation_frame_realignment_2",talents,talents
steel_step,Steel Step,steel_step.jpg,steel_step_1 (steel_step_1%2013a9ef0034f94371a96374cbb62bf07e.csv),talents (talents%2042a8cf28d58447ddaf6bbc9d8949ede2.csv),talents (talents%20f28bb9684e6847b396b079167ef6dbbd.csv),steel_step (steel_step%20e53f19b4fb61425e8180763df0c17dad.csv),steel_step_1,talents,talents
stone_of_rebirth,Stone of Rebirth,stone_of_rebirth.jpg,stone_of_rebirth_1 (stone_of_rebirth_1%202d2ebff17a254fb7bb55cf8d57e40e39.csv),bonds (bonds%2036545fd230e3414ba3b7871631ad09bd.csv),artifacts (artifacts%2009473eee62ea48c8a9249f92a9b133c4.csv),stone_of_rebirth (stone_of_rebirth%20b1f3109b82894399814451f286db7c11.csv),stone_of_rebirth_1,bonds,artifacts
storm_within,Storm Within,storm_within.jpg,storm_within_1 (storm_within_1%206ea1743a2cce4c939ec50c128ee14126.csv),talents (talents%2042a8cf28d58447ddaf6bbc9d8949ede2.csv),talents (talents%20f28bb9684e6847b396b079167ef6dbbd.csv),storm_within (storm_within%204c4e510a53bb4869b9621383fcb0af6f.csv),storm_within_1,talents,talents
super_broom,Super Broom,super_broom.jpg,super_broom_1 (super_broom_1%205799b994688b41b09399cdc469773036.csv),bonds (bonds%2036545fd230e3414ba3b7871631ad09bd.csv),artifacts (artifacts%2009473eee62ea48c8a9249f92a9b133c4.csv),super_broom (super_broom%2055c4df128c324476a0808578092afd34.csv),super_broom_1,bonds,artifacts
sword_of_the_art,Sword of the Art,sword_of_the_art.jpg,sword_of_the_art_1 (sword_of_the_art_1%205fa13607c0fd4726836219aca4451d65.csv),talents (talents%2042a8cf28d58447ddaf6bbc9d8949ede2.csv),talents (talents%20f28bb9684e6847b396b079167ef6dbbd.csv),sword_of_the_art (sword_of_the_art%2088dc996de68a4b2ab41ff97a4020f02a.csv),sword_of_the_art_1,talents,talents
tectonia,Tectonia,tectonia.jpg,tectonia_1 (tectonia_1%206b4e6995aac7415ba99d97f66497a6bf.csv),talents (talents%2042a8cf28d58447ddaf6bbc9d8949ede2.csv),talents (talents%20f28bb9684e6847b396b079167ef6dbbd.csv),tectonia (tectonia%20ba8bc467e5914052a155cd3a0006a5dd.csv),tectonia_1,talents,talents
thaumic_contamination,Thaumic Contamination,thaumic_contamination.jpg,thaumic_contamination_1 (thaumic_contamination_1%20d79f77fa1afb40bd96ff089d0e85fe24.csv),threats (threats%2029045fa2123d4dcdbd139368f1de703c.csv),threats (threats%20b8a01851777f47ca8fd6dbd195719150.csv),thaumic_contamination (thaumic_contamination%20e6b60aff31e0485a82525d7fc033f54b.csv),thaumic_contamination_1,threats,threats
the_amnesiatic_healer,"The Amnesiatic Healer, Alex",the_amniasic_healer.jpg,the_amnesiatic_healer (the_amnesiatic_healer%20be8dca35752141fdaeffee80e9fe7227.csv),bonds (bonds%2036545fd230e3414ba3b7871631ad09bd.csv),allies (allies%20a6dc0073680849fba872e02291b934b0.csv),the_amnesiatic_healer (the_amnesiatic_healer%20685ef16bc14b43c9b7a15fc9282234d7.csv),the_amnesiatic_healer,bonds,allies
the_death_lifter,"The Death Lifter, Rupert Tricklebank",the_death_lifter.jpg,the_death_lifter_1 (the_death_lifter_1%2092cda2e1dcaa4820bbcd248444a86c6d.csv),bonds (bonds%2036545fd230e3414ba3b7871631ad09bd.csv),allies (allies%20a6dc0073680849fba872e02291b934b0.csv),the_death_lifter (the_death_lifter%2068f28d00b3a947d4b5420974d7b75a45.csv),the_death_lifter_1,bonds,allies
the_dragons_teeth,The Dragon’s Teeth,the_dragons_teeth.jpg,the_dragons_teeth_1 (the_dragons_teeth_1%2093d01877526246fdaf334ad61858690f.csv),bonds (bonds%2036545fd230e3414ba3b7871631ad09bd.csv),contacts (contacts%204eddb36d43eb4799987d83f1d8a6777c.csv),the_dragons_teeth (the_dragons_teeth%207971acf5f154420eb6f368f97899e6db.csv),the_dragons_teeth_1,bonds,contacts
the_ferinus_khanate,The Ferinus Khanate,the_ferinus_khanate.jpg,the_ferinus_khanate_1 (the_ferinus_khanate_1%20c2ba13105d5345888712cccfc834ee79.csv),threats (threats%2029045fa2123d4dcdbd139368f1de703c.csv),threats (threats%20b8a01851777f47ca8fd6dbd195719150.csv),the_ferinus_khanate (the_ferinus_khanate%2085564668c6824d8696ed3c01c3dfd3fb.csv),the_ferinus_khanate_1,threats,threats
the_friendly_wardrobe,"The Friendly Wardrobe, Friendly Wardrobe",the_friendly_wardrobe.jpg,the_friendly_wardrobe_1 (the_friendly_wardrobe_1%20173912eb119143ae906aa095175abb23.csv),bonds (bonds%2036545fd230e3414ba3b7871631ad09bd.csv),allies (allies%20a6dc0073680849fba872e02291b934b0.csv),the_friendly_wardrobe (the_friendly_wardrobe%2060df8a81d488436da46aa9cf044ca8ae.csv),the_friendly_wardrobe_1,bonds,allies
the_gourmand,"The Gourmand, Germaine Beckwith",the_gourmand.jpg,the_gourmand_1 (the_gourmand_1%2088ff22d4928d43f2b57d1702afb05d23.csv),bonds (bonds%2036545fd230e3414ba3b7871631ad09bd.csv),allies (allies%20a6dc0073680849fba872e02291b934b0.csv),the_gourmand (the_gourmand%20aa77acdd51124d9e8334dddbaa9a26a9.csv),the_gourmand_1,bonds,allies
the_knowing_one,The Knowing One,the_knowing_one.jpg,the_knowing_one_1 (the_knowing_one_1%2002be4d4d1cf04ba68cdf938777048f17.csv),bonds (bonds%2036545fd230e3414ba3b7871631ad09bd.csv),contacts (contacts%204eddb36d43eb4799987d83f1d8a6777c.csv),the_knowing_one (the_knowing_one%2011f1959a827f4548ad3f70ee780ec14f.csv),the_knowing_one_1,bonds,contacts
the_little_girl,The Little Girl,the_little_girl.jpg,the_little_girl_1 (the_little_girl_1%20fed58f7e309c404896427c754fc54a50.csv),bonds (bonds%2036545fd230e3414ba3b7871631ad09bd.csv),contacts (contacts%204eddb36d43eb4799987d83f1d8a6777c.csv),the_little_girl (the_little_girl%2079e1a6c4a7d6433698267e51c7eabe63.csv),the_little_girl_1,bonds,contacts
the_metamorph,"The Metamorph, Sssszzhss’Vzsslssssxvs",the_metamorph.jpg,the_metamorph_1 (the_metamorph_1%200de07d5dfd0540a18f371b0dbbb15853.csv),bonds (bonds%2036545fd230e3414ba3b7871631ad09bd.csv),allies (allies%20a6dc0073680849fba872e02291b934b0.csv),the_metamorph (the_metamorph%209ee1cc44c60c45f28964924b2bc9ff48.csv),the_metamorph_1,bonds,allies
the_mount,"The Mount, nameless",the_mount.jpg,the_mount_1 (the_mount_1%20652f02e3e43d487dac2b1ff1ad5a7323.csv),bonds (bonds%2036545fd230e3414ba3b7871631ad09bd.csv),allies (allies%20a6dc0073680849fba872e02291b934b0.csv),the_mount (the_mount%20c775157b0b6449669aaf2d4815203e60.csv),the_mount_1,bonds,allies
the_road,The Road,the_road.jpg,the_road_1 (the_road_1%20ab358d1984014d6794d6c10c8fa619fe.csv),bonds (bonds%2036545fd230e3414ba3b7871631ad09bd.csv),pacts (pacts%20e9c9569ec3e64b25891abcc5da974a20.csv),the_road (the_road%20c8c4252d269247bf8b1dc96532ff4b0d.csv),the_road_1,bonds,pacts
the_scholar_of_ages,"The Scholar of Ages, Ambrocio Anwar",the_scholar_of_ages.jpg,the_scholar_of_ages_1 (the_scholar_of_ages_1%20031d8005684548a5b23d9717325575cc.csv),bonds (bonds%2036545fd230e3414ba3b7871631ad09bd.csv),allies (allies%20a6dc0073680849fba872e02291b934b0.csv),the_scholar_of_ages (the_scholar_of_ages%200a90f0c6e4424ec7836bd414f2ba75bd.csv),the_scholar_of_ages_1,bonds,allies
the_soldier_of_fortune,"The Soldier of Fortune, Betty Liechtenstein",the_soldier_of_fortune.jpg,the_soldier_of_fortune_1 (the_soldier_of_fortune_1%20ad77d23009cc408fbb2a485e43320b6f.csv),bonds (bonds%2036545fd230e3414ba3b7871631ad09bd.csv),allies (allies%20a6dc0073680849fba872e02291b934b0.csv),the_soldier_of_fortune (the_soldier_of_fortune%204800cc277f42484bb6bf84eabf38691f.csv),the_soldier_of_fortune_1,bonds,allies
the_sprite,"The Sprite, Jinx",the_sprite.jpg,the_sprite_1 (the_sprite_1%201f789c5ac5a84443b867e9565cc9314f.csv),bonds (bonds%2036545fd230e3414ba3b7871631ad09bd.csv),allies (allies%20a6dc0073680849fba872e02291b934b0.csv),the_sprite (the_sprite%208c22382710414fbca92114a04e5a4bc0.csv),the_sprite_1,bonds,allies
the_techhead,"The Techhead, Lola Harrows",the_techhead.jpg,the_techhead_1 (the_techhead_1%20ecf7014a7f214b619131a8564e68a5ff.csv),bonds (bonds%2036545fd230e3414ba3b7871631ad09bd.csv),allies (allies%20a6dc0073680849fba872e02291b934b0.csv),the_techhead (the_techhead%207584b69f615b405a9f74ffd3892cb2d8.csv),the_techhead_1,bonds,allies
the_tin_forester,"The Tin Forester, Walker",the_tin_forester.jpg,the_tin_forester_1 (the_tin_forester_1%202778a2a660894d4a89cd5bd515906ab0.csv),bonds (bonds%2036545fd230e3414ba3b7871631ad09bd.csv),allies (allies%20a6dc0073680849fba872e02291b934b0.csv),the_tin_forester (the_tin_forester%200994b6764b814dac9683e2ce4c0a526d.csv),the_tin_forester_1,bonds,allies
the_twins,"The Twins, Amara and Aram",the_twins.jpg,the_twins_1 (the_twins_1%205150d55295cf4e77820d95186c3f884b.csv),bonds (bonds%2036545fd230e3414ba3b7871631ad09bd.csv),allies (allies%20a6dc0073680849fba872e02291b934b0.csv),the_twins (the_twins%20d16e91b046894592aa7887ac84539faa.csv),the_twins_1,bonds,allies
the_wolf,The Wolf,the_wolf.jpg,the_wolf_1 (the_wolf_1%2075684c0326f14e139f411c91214f4e78.csv),bonds (bonds%2036545fd230e3414ba3b7871631ad09bd.csv),allies (allies%20a6dc0073680849fba872e02291b934b0.csv),the_wolf (the_wolf%20aa40c69eb2d840488b5ea0e430832056.csv),the_wolf_1,bonds,allies
theurge,Theurge,theurge.jpg,theurge_1 (theurge_1%20231e9179d98e4809b4bcde16c6783144.csv),foundations (foundations%204d9ce68d973b4b4aa9877956db31ca34.csv),methods (methods%204783ae6cf00d424da9ec2183f6e950ce.csv),theurge (theurge%2061eed6bc02d94ccf9b60dc3478943b8e.csv),theurge_1,foundations,methods
trial_of_oblivion,Trial of Oblivion,trial_of_oblivion.jpg,trial_of_oblivion_1 (trial_of_oblivion_1%20be62f9ecf1d742b3a86f7cc0f71a3980.csv),talents (talents%2042a8cf28d58447ddaf6bbc9d8949ede2.csv),talents (talents%20f28bb9684e6847b396b079167ef6dbbd.csv),trial_of_oblivion (trial_of_oblivion%2020c50b3e9e7b4522a7f8a2dcfc26d4fe.csv),trial_of_oblivion_1,talents,talents
umbral_skein,Umbral Skein,umbral_skein.jpg,"umbral_skein_1 (umbral_skein_1%20b29e41d2e1ae4ca8a5518ff74f1ce7a1.csv), umbral_skein_2 (umbral_skein_2%209c701474f2e64e02b3a560ceddeb6bbf.csv), umbral_skein_3 (umbral_skein_3%207156ba4baf964669828adba2f4403a99.csv)",talents (talents%2042a8cf28d58447ddaf6bbc9d8949ede2.csv),talents (talents%20f28bb9684e6847b396b079167ef6dbbd.csv),umbral_skein (umbral_skein%20fb67176b73c04a4f9f146344d2649b78.csv),"umbral_skein_1,umbral_skein_2,umbral_skein_3",talents,talents
unaussprechlichen_kulten,Unaussprechlichen Kulten,unaussprechlichen_kulten.jpg,unaussprechlichen_kulten_1 (unaussprechlichen_kulten_1%20439c844370ed4a229417b497151b9651.csv),threats (threats%2029045fa2123d4dcdbd139368f1de703c.csv),threats (threats%20b8a01851777f47ca8fd6dbd195719150.csv),unaussprechlichen_kulten (unaussprechlichen_kulten%20fb878eb1f8e44531b43715e18a1fd839.csv),unaussprechlichen_kulten_1,threats,threats
unchanging_form,Unchanging Form,unchanging_form.jpg,"unchanging_form_1 (unchanging_form_1%2012a8e391d23d4584986b2227f93e4974.csv), unchanging_form_2 (unchanging_form_2%20596868f43b98470c8f7b5fac47a75dfd.csv)",talents (talents%2042a8cf28d58447ddaf6bbc9d8949ede2.csv),talents (talents%20f28bb9684e6847b396b079167ef6dbbd.csv),unchanging_form (unchanging_form%20f1fbaf30e90b4d98a725d9833b4c3671.csv),"unchanging_form_1,unchanging_form_2",talents,talents
vital_incubation,Vital Incubation,vital_womb.jpg,"vital_incubation_1 (vital_incubation_1%20241c6c10d32c4068904637886979686a.csv), vital_incubation_2 (vital_incubation_2%205012603fabaf44b5a8dfaf96cf370943.csv), vital_incubation_3 (vital_incubation_3%20f6fc3b32e2bb4317b7fed5281b77ba27.csv)",talents (talents%2042a8cf28d58447ddaf6bbc9d8949ede2.csv),talents (talents%20f28bb9684e6847b396b079167ef6dbbd.csv),vital_incubation (vital_incubation%20d96012065d1e410aa4663e612af69e8c.csv),"vital_incubation_1,vital_incubation_2,vital_incubation_3",talents,talents
waerloga,Waerloga,waerloga.jpg,waerloga_1 (waerloga_1%20f0e4e82c231c418a94c736dd08daca4b.csv),foundations (foundations%204d9ce68d973b4b4aa9877956db31ca34.csv),sources (sources%2037fffd6f6188401f85401aa882584deb.csv),waerloga (waerloga%2022e18665732e49c693cfbc7e31016bfc.csv),waerloga_1,foundations,sources
warp_and_weft,Warp and Weft,warp_and_weft.jpg,"warp_and_weft_1 (warp_and_weft_1%20b5ff490ab7be4f9e9da17b45b8393f61.csv), warp_and_weft_2 (warp_and_weft_2%20e7f9dadb70954fb3b18d4723d38a24dc.csv)",talents (talents%2042a8cf28d58447ddaf6bbc9d8949ede2.csv),talents (talents%20f28bb9684e6847b396b079167ef6dbbd.csv),warp_and_weft (warp_and_weft%20f3ec158b5f6446e8aa337d427a2ab4df.csv),"warp_and_weft_1,warp_and_weft_2",talents,talents
wizard,Wizard,wizard.jpg,wizard_1 (wizard_1%20c9e048982cd149c99b3cf3b0ddcb4415.csv),foundations (foundations%204d9ce68d973b4b4aa9877956db31ca34.csv),methods (methods%204783ae6cf00d424da9ec2183f6e950ce.csv),wizard (wizard%20188312c031344b52a4371ab71fb821e5.csv),wizard_1,foundations,methods